<?xml version="1.0"?>
<rss version="2.0">
	<channel>
		<title>OOPS News</title>
		<link>http://www.example.com/oops_news.xml</link>
		<description>All the latest news about oopsa-daisy PHP programming.</description>
		<lastBuildDate>Sat, 14 Jun 2008 13:41:29 +0100</lastBuildDate>
		<docs>http://www.rssboard.org/rss-specification</docs>
	</channel>
	<item>
		<title>Stumped for something to say</title>
		<description>Well, so much for a brilliant start. My mind has gone a blank. Must be all that OOP nonsense I've been filling my head with...</description>
		<pubDate>Fri, 25 Apr 2008 14:50:31 +0100</pubDate>
		<link>2</link>
	</item>
	<item>
		<title>The blog starts here!</title>
		<description>The world has been waiting with bated breath, but &lt;strong&gt;the wait is over...&lt;/strong&gt; It's time to dazzle the blogosphere with my dazzling wit. Stay tuned.</description>
		<pubDate>Fri, 25 Apr 2008 14:03:48 +0100</pubDate>
		<link>1</link>
	</item>
</rss>
